# ************************************************************
# Sequel Pro SQL dump
# Version 4541
#
# http://www.sequelpro.com/
# https://github.com/sequelpro/sequelpro
#
# Host: 104.198.156.225 (MySQL 5.7.14-google-log)
# Database: cpsc471
# Generation Time: 2019-06-18 01:30:23 +0000
# ************************************************************


/*!40101 SET @OLD_CHARACTER_SET_CLIENT=@@CHARACTER_SET_CLIENT */;
/*!40101 SET @OLD_CHARACTER_SET_RESULTS=@@CHARACTER_SET_RESULTS */;
/*!40101 SET @OLD_COLLATION_CONNECTION=@@COLLATION_CONNECTION */;
/*!40101 SET NAMES utf8 */;
/*!40014 SET @OLD_FOREIGN_KEY_CHECKS=@@FOREIGN_KEY_CHECKS, FOREIGN_KEY_CHECKS=0 */;
/*!40101 SET @OLD_SQL_MODE=@@SQL_MODE, SQL_MODE='NO_AUTO_VALUE_ON_ZERO' */;
/*!40111 SET @OLD_SQL_NOTES=@@SQL_NOTES, SQL_NOTES=0 */;


# Dump of table Admin
# ------------------------------------------------------------

DROP TABLE IF EXISTS `Admin`;

CREATE TABLE `Admin` (
  `id` int(11) NOT NULL,
  PRIMARY KEY (`id`),
  CONSTRAINT `Admin_ibfk_1` FOREIGN KEY (`id`) REFERENCES `User` (`id`) ON DELETE CASCADE
) ENGINE=InnoDB DEFAULT CHARSET=utf8;

LOCK TABLES `Admin` WRITE;
/*!40000 ALTER TABLE `Admin` DISABLE KEYS */;

INSERT INTO `Admin` (`id`)
VALUES
	(4),
	(5),
	(6);

/*!40000 ALTER TABLE `Admin` ENABLE KEYS */;
UNLOCK TABLES;


# Dump of table Baggage
# ------------------------------------------------------------

DROP TABLE IF EXISTS `Baggage`;

CREATE TABLE `Baggage` (
  `weight` int(11) NOT NULL,
  `bagNumber` int(11) NOT NULL,
  `ticket` int(11) NOT NULL,
  KEY `ticket` (`ticket`),
  CONSTRAINT `Baggage_ibfk_1` FOREIGN KEY (`ticket`) REFERENCES `Ticket` (`ticketID`)
) ENGINE=InnoDB DEFAULT CHARSET=utf8;

LOCK TABLES `Baggage` WRITE;
/*!40000 ALTER TABLE `Baggage` DISABLE KEYS */;

INSERT INTO `Baggage` (`weight`, `bagNumber`, `ticket`)
VALUES
	(10,1,1),
	(20,2,1),
	(30,3,1),
	(10,1,2),
	(40,1,3),
	(50,2,3),
	(60,1,4),
	(70,2,4);

/*!40000 ALTER TABLE `Baggage` ENABLE KEYS */;
UNLOCK TABLES;


# Dump of table Destination
# ------------------------------------------------------------

DROP TABLE IF EXISTS `Destination`;

CREATE TABLE `Destination` (
  `id` int(11) NOT NULL AUTO_INCREMENT,
  `planetName` varchar(200) NOT NULL,
  `SGX` int(11) NOT NULL,
  `SGY` int(11) NOT NULL,
  `SGZ` int(11) NOT NULL,
  PRIMARY KEY (`id`)
) ENGINE=InnoDB DEFAULT CHARSET=utf8;

LOCK TABLES `Destination` WRITE;
/*!40000 ALTER TABLE `Destination` DISABLE KEYS */;

INSERT INTO `Destination` (`id`, `planetName`, `SGX`, `SGY`, `SGZ`)
VALUES
	(1,'11 Ursae Minoris b',2275430,6294583,1304638),
	(2,'14 Andromedae b',6665489,8213681,3848196),
	(3,'14 Herculis b',376,2772554,3525349),
	(4,'18 Delphini b',2494352,7810628,3086915),
	(5,'1RXS J160929.1-210524 b',4293523,8255001,7307008),
	(6,'23 Librae c',9584742,2852478,9804407),
	(7,'2M1207b',3781449,6798658,8326877),
	(8,'2MASS J21402931+1625183 Ab',2647434,6400285,264396),
	(9,'30 Arietis Bb',4148364,6932127,539961),
	(10,'38 Virginis b',4325035,6203895,9971944),
	(11,'4 Ursae Majoris b',7546404,751647,2565717),
	(12,'41 Lyncis b',7035869,1500318,667413),
	(13,'42 Draconis b',1671416,19632,5681153),
	(14,'47 Ursae Majoris c',5619746,6305627,557402),
	(15,'47 Ursae Majoris d',3801586,1933734,9228478),
	(16,'54 Piscium b',3345423,5989426,9609277),
	(17,'55 Cancri c',8098278,8994174,5122380),
	(18,'55 Cancri d',2261840,8259734,3448273),
	(19,'55 Cancri e',6399514,8987180,7557326),
	(20,'55 Cancri f',410449,5912097,6326446),
	(21,'6 Lyncis b',7161585,4016181,9467873),
	(22,'61 Virginis b',920314,1486345,9201678),
	(23,'61 Virginis c',1722671,3161490,3482369),
	(24,'61 Virginis d',6045322,5402436,8944991),
	(25,'79 Ceti b',7315025,6416446,2201825),
	(26,'81 Ceti b',8042763,3795927,2883369),
	(27,'83 Leonis Bb',7885147,7981235,3661851),
	(28,'91 Aquarii b',1276599,3535221,2862231),
	(29,'94 Ceti Ab',6457905,7118452,6487302),
	(30,'AB Pictoris b',5209284,5571772,2724452),
	(31,'BD+14 4559 b',9358453,6020174,7662609),
	(32,'BD+20 2457 b',526877,2234570,2960988),
	(33,'BD+20 2457 c',7805226,2935939,6742375),
	(34,'BD-08 2823 b',3002911,7066026,8652555),
	(35,'BD-08 2823 c',8948867,7680219,175755),
	(36,'BD-10 3166 b',3063087,1622130,5741605),
	(37,'BD-17 63 b',1450797,4397828,1092355),
	(38,'Beta Pictoris b',9511980,3144518,5736125),
	(39,'Chi Virginis b',7248094,3328792,9186135),
	(40,'CHXR 73 b',9562224,7705191,8075851),
	(41,'CT Chamaeleontis b',8694576,9644231,7248831),
	(42,'COROT-1b',6502887,1099756,1352452),
	(43,'COROT-2b',8482836,5112608,7532960),
	(44,'COROT-3b',3075025,642398,4171344),
	(45,'COROT-4b',1608884,2934256,4833894),
	(46,'COROT-5b',9470377,9974827,6963031),
	(47,'COROT-6b',891746,5787014,6111338),
	(48,'COROT-7b',4867535,7955636,4149155),
	(49,'COROT-7c',6010803,2817690,6245239),
	(50,'COROT-9b',358663,5924623,5570753),
	(51,'DH Tauri b',142523,2423687,9918854),
	(52,'DP Leonis b',630206,9997789,792305),
	(53,'Epsilon Eridani b',5735799,7432383,4950002),
	(54,'Epsilon Reticuli Ab',6845929,3238225,6945381),
	(55,'Epsilon Tauri b',9320600,4855966,6508912),
	(56,'Eta2 Hydri b',5069891,69949,798322),
	(57,'FU Tauri b',9271795,7647294,2335008),
	(58,'Fomalhaut b',9055636,5522016,2149371),
	(59,'Gamma1 Leonis b',3367800,7635975,766833),
	(60,'Gamma Cephei Ab',1297353,5939701,2422831),
	(61,'Gliese 179 b',7818718,2839421,5448656),
	(62,'Gliese 317 b',8750645,1190279,7772999),
	(63,'Gliese 436 b',5272336,9676158,4240362),
	(64,'Gliese 581 b',4670725,7279725,6655690),
	(65,'Gliese 581 c',6997107,7659988,2074356),
	(66,'Gliese 581 e',344621,4767825,3448449),
	(67,'Gliese 649 b',7341796,2249900,2357761),
	(68,'Gliese 674 b',529586,9779534,6594108),
	(69,'Gliese 832 b',5447017,733106,3551999),
	(70,'Gliese 849 b',8296894,7128764,1310383),
	(71,'Gliese 876 c',7037622,8508463,2471781),
	(72,'Gliese 876 d',7568920,1705732,9649959),
	(73,'Gliese 1214 b',9455074,3681307,6975135),
	(74,'Gliese 3021 b',9508191,2682706,4337607),
	(75,'GQ Lupi b',7408645,2654329,3233947),
	(76,'HAT-P-1b',7374397,6979308,1151953),
	(77,'HAT-P-2b',4317257,5006214,9252770),
	(78,'HAT-P-3b',2071193,3226826,9559989),
	(79,'HAT-P-4b',6021166,8247991,8522134),
	(80,'HAT-P-5b',402191,9863811,886099),
	(81,'HAT-P-6b',3479587,7806222,2244281),
	(82,'HAT-P-7b',3013793,5534319,4809400),
	(83,'HAT-P-8b',5115838,8532299,653251),
	(84,'HAT-P-9b',6322815,7028977,83099),
	(85,'HAT-P-11b',4988303,8465369,4974114),
	(86,'HAT-P-12b',2990964,8056106,8373177),
	(87,'HAT-P-13b',3133942,1496481,4547955),
	(88,'HAT-P-13c',4361630,3241483,4133007),
	(89,'HD 142 b',133652,9305651,1692331),
	(90,'HD 2039 b',3281328,5252327,1747539),
	(91,'HD 2638 b',8316032,880366,1074792),
	(92,'HD 4113 b',1634905,355832,8069236),
	(93,'HD 4203 b',7234719,544921,2070118),
	(94,'HD 4208 b',451937,884348,7282449),
	(95,'HD 4308 b',4850042,474280,1691467),
	(96,'HD 4313 b',6548031,8948022,3505146),
	(97,'HD 5319 b',792401,3845977,2574428),
	(98,'HD 6434 b',3638879,1979676,245072),
	(99,'HD 6718 b',2740133,2039839,3600509),
	(100,'HD 7924 b',491175,1569232,4180496),
	(101,'HD 8574 b',7416265,5517025,8261393),
	(102,'HD 8673 b',3029747,7049792,6630329),
	(103,'HD 9446 b',9900521,6064816,3468513),
	(104,'HD 9446 c',1654506,3674251,505640),
	(105,'HD 10647 b',4211011,3367944,918318),
	(106,'HD 11506 b',1374888,4947691,8689626),
	(107,'HD 11506 c',8782228,2290064,4001073),
	(108,'HD 11964 b',5809868,8145119,5415794),
	(109,'HD 11964 c',6376301,4059480,3130791),
	(110,'HD 12661 b',8653364,2271040,4027227),
	(111,'HD 12661 c',7562622,452645,8342208),
	(112,'HD 13189 b',6416433,9668633,6289488),
	(113,'HD 13931 b',3148927,2984548,8054568),
	(114,'HD 16175 b',6635051,944341,529525),
	(115,'HD 16417 b',4947393,7427826,349796),
	(116,'HD 17092 b',7456877,6881667,6592812),
	(117,'HD 17156 b',1844991,1215793,348934),
	(118,'HD 20782 b',6102295,9780936,5755538),
	(119,'HD 20868 b',1192821,6886376,5758332),
	(120,'HD 23079 b',7487072,7930566,2803626),
	(121,'HD 23127 b',2178979,3312892,6216818),
	(122,'HD 23596 b',2309307,4168931,2355630),
	(123,'HD 24040 b',1878020,8794845,7852095),
	(124,'HD 27894 b',8342472,8106405,3632080),
	(125,'HD 28185 b',4999247,7493547,4316033),
	(126,'HD 30177 b',4286699,6590722,5397052),
	(127,'HD 30562 b',3864666,9004569,4303622),
	(128,'HD 32518 b',9380252,7694332,9061935),
	(129,'HD 33283 b',9909858,2086458,7073169),
	(130,'HD 33564 b',1417620,7781024,7733373),
	(131,'HD 34445 b',6475249,1800011,84111),
	(132,'HD 37124 b',2165090,2448290,9819348),
	(133,'HD 37124 c',8419862,945781,8569456),
	(134,'HD 37124 d',4315434,9285066,9886727),
	(135,'HD 37605 b',8199226,527463,5309142),
	(136,'HD 38529 b',7522834,4036450,2518665),
	(137,'HD 38529 c',7086955,9044760,4159164),
	(138,'HD 38801 b',8351317,1742650,8195373),
	(139,'HD 40307 b',2925888,8733051,2365876),
	(140,'HD 40307 c',6855209,2515857,3581517),
	(141,'HD 40307 d',6696054,7180988,7606968),
	(142,'HD 40979 b',4984631,7790989,9408699),
	(143,'HD 41004 Ab',7299536,5893609,1355083),
	(144,'HD 41004 Bb',2021673,7149521,567169),
	(145,'HD 43691 b',9401253,4224289,8860995),
	(146,'HD 45350 b',6575648,168704,3294624),
	(147,'HD 45364 b',4199880,3848027,6443274),
	(148,'HD 45364 c',701339,6796680,8705397),
	(149,'HD 45652 b',3925060,9109654,2759911),
	(150,'HD 46375 b',4858127,4971549,1314283),
	(151,'HD 47186 b',4552058,3948217,3099528),
	(152,'HD 47186 c',4561926,5280534,6840403),
	(153,'HD 47536 b',450943,3136381,8203817),
	(154,'HD 48265 b',1826331,1017604,2359087),
	(155,'HD 49674 b',1476210,9722493,7592042),
	(156,'HD 50499 b',1283726,3825903,2077664),
	(157,'HD 50554 b',7210453,8035386,8950394),
	(158,'HD 52265 b',8595988,2830555,9754268),
	(159,'HD 60532 b',831529,2224251,5305967),
	(160,'HD 60532 c',2701979,4746944,3424603),
	(161,'HD 63454 b',9258741,6230371,718659),
	(162,'HD 63765 b',3913323,2857956,1057376),
	(163,'HD 65216 b',4578373,4747462,1473213),
	(164,'HD 66428 b',2169017,8084730,5021813),
	(165,'HD 68988 b',536743,9413722,1068281),
	(166,'HD 69830 b',3624948,2411709,6287493),
	(167,'HD 69830 c',1773906,717407,6781764),
	(168,'HD 69830 d',9459417,287134,7622925),
	(169,'HD 70573 b',9198982,6748979,5277839),
	(170,'HD 70642 b',3157918,5083161,891951),
	(171,'HD 72659 b',7358051,2475304,1228482),
	(172,'HD 73267 b',6618194,9464801,3430612),
	(173,'HD 73526 b',6862093,87759,4840382),
	(174,'HD 73526 c',4619448,703754,6685538),
	(175,'HD 73534 b',4152833,3075667,9131161),
	(176,'HD 74156 b',410632,8299212,8573085),
	(177,'HD 74156 c',1804181,8178415,3305927),
	(178,'HD 75898 b',5643320,5511855,3514217),
	(179,'HD 76700 b',3823738,5821364,3985194),
	(180,'HD 80606 b',6203314,1199629,3973123),
	(181,'HD 81040 b',3528102,6322642,7073511),
	(182,'HD 82943 b',7897309,1606650,4474351),
	(183,'HD 82943 c',4313314,613955,214002),
	(184,'HD 83443 b',4514325,8688503,7030009),
	(185,'HD 85390 b',3447708,3983442,9649833),
	(186,'HD 86081 b',7833869,1323215,1473733),
	(187,'HD 86226 b',1686887,3355334,293757),
	(188,'HD 86264 b',5892995,1884070,841447),
	(189,'HD 87883 b',8071238,2055696,6408274),
	(190,'HD 88133 b',3975903,7658603,3535645),
	(191,'HD 89307 b',2795230,8495370,8607964),
	(192,'HD 90156 b',7588354,6718961,6357576),
	(193,'HD 92788 b',7237523,634251,1222199),
	(194,'HD 93083 b',7031110,3304503,8378857),
	(195,'HD 95089 b',1276894,2565562,2371851),
	(196,'HD 96167 b',3058081,4070926,3603541),
	(197,'HD 99109 b',2620827,1159674,6079555),
	(198,'HD 100777 b',2660236,362078,3824695),
	(199,'HD 101930 b',8252779,1232818,7479629),
	(200,'HD 102117 b',6333671,2435712,3592309),
	(201,'HD 102195 b',1368647,2880769,6517760),
	(202,'HD 102272 b',1824598,6853178,4076984),
	(203,'HD 103197 b',8262562,8845998,88676),
	(204,'HD 104067 b',9737948,3832734,8801203),
	(205,'HD 104985 b',277815,9926004,9677926),
	(206,'HD 106252 b',4404675,3574980,4335475),
	(207,'HD 107148 b',8844700,5119181,6916399),
	(208,'HD 108147 b',1190522,6039959,9397309),
	(209,'HD 108874 b',4953694,9942767,8682896),
	(210,'HD 108874 c',6481164,1060417,742900),
	(211,'HD 109749 b',1263165,6394119,3750670),
	(212,'HD 111232 b',9132890,3016806,5303200),
	(213,'HD 114386 b',3141806,9663482,3751055),
	(214,'HD 114729 b',3098638,4206857,7741551),
	(215,'HD 114783 b',5747484,8287966,5266050),
	(216,'HD 117207 b',6211153,1321450,9983256),
	(217,'HD 117618 b',8302533,2394914,9103193),
	(218,'HD 118203 b',7406942,2705631,7737963),
	(219,'HD 121504 b',8732433,1058024,4650169),
	(220,'HD 125595 b',6115753,4811322,9781086),
	(221,'HD 125612 b',2913230,7127281,6308820),
	(222,'HD 125612 c',6953068,6322292,1209355),
	(223,'HD 125612 d',6757898,5584871,7763359),
	(224,'HD 126614 b',3615098,7728193,9443021),
	(225,'HD 128311 b',9881716,3001968,2473648),
	(226,'HD 128311 c',1761025,2895844,3141298),
	(227,'HD 129445 b',5069010,9135335,2676672),
	(228,'HD 131664 b',877702,7590677,6645082),
	(229,'HD 132406 b',9638162,5701572,1847261),
	(230,'HD 136418 b',9046439,2371003,9718295),
	(231,'HD 139357 b',4992427,132790,7508751),
	(232,'HD 141937 b',3198238,1944056,3722138),
	(233,'HD 142022 Ab',8072296,7625493,8507424),
	(234,'HD 142415 b',1550360,1106388,7135348),
	(235,'HD 143361 b',354667,3056034,9804738),
	(236,'HD 145377 b',7778023,5999276,8026078),
	(237,'HD 147018 b',428739,3785158,334551),
	(238,'HD 147018 c',9456129,7077211,6359148),
	(239,'HD 147513 b',4469687,3627326,3596194),
	(240,'HD 148156 b',1366335,3439845,334946),
	(241,'HD 148427 b',375781,3905748,1363951),
	(242,'HD 149026 b',2254803,1946232,2063292),
	(243,'HD 149143 b',5535479,636864,3885787),
	(244,'HD 152079 b',9948237,3649946,6279661),
	(245,'HD 153950 b',9169750,1223068,4128471),
	(246,'HD 154345 b',9031896,6038368,9359574),
	(247,'HD 154672 b',594862,7487189,5732458),
	(248,'HD 154857 b',3516393,2359795,9897300),
	(249,'HD 155358 b',8757671,8357199,3124233),
	(250,'HD 155358 c',6671033,443136,1448146),
	(251,'HD 156279 b',3751826,7300713,1916744),
	(252,'HD 156411 b',1634604,5559516,7845880),
	(253,'HD 156846 b',9247318,7067453,83677),
	(254,'HD 159868 b',9826503,7400561,5714050),
	(255,'HD 162020 b',3046445,2374829,6455299),
	(256,'HD 164604 b',1601226,3754057,1168232),
	(257,'HD 164922 b',8551678,1277094,5580364),
	(258,'HD 167042 b',5975251,6657219,5091584),
	(259,'HD 168443 c',5753141,4507927,8267931),
	(260,'HD 168746 b',4693645,4295764,430580),
	(261,'HD 169830 b',3701903,1846667,1038387),
	(262,'HD 169830 c',1159639,9689331,6315754),
	(263,'HD 170469 b',3546475,3574198,355707),
	(264,'HD 171028 b',8858408,4247386,2262045),
	(265,'HD 171238 b',980334,7094056,9845627),
	(266,'HD 173416 b',3832435,5225227,4221256),
	(267,'HD 175167 b',6121892,8847476,933115),
	(268,'HD 175541 b',8981141,477749,7634697),
	(269,'HD 178911 Bb',7490008,3311541,1180442),
	(270,'HD 179079 b',4526668,3329607,6048932),
	(271,'HD 179949 b',7666013,94067,1885046),
	(272,'HD 180902 b',7916103,5489473,7055462),
	(273,'HD 181342 b',6682053,2965522,5645622),
	(274,'HD 181433 b',3183816,1911043,6249919),
	(275,'HD 181433 c',9329452,8242281,1274331),
	(276,'HD 181433 d',655029,9240713,970614),
	(277,'HD 181720 b',3411540,3885765,8726485),
	(278,'HD 183263 b',9360412,5928713,1604530),
	(279,'HD 183263 c',8734309,2171868,5947219),
	(280,'HD 185269 b',1623228,2829819,7513030),
	(281,'HD 187085 b',7308497,8124778,1148611),
	(282,'HD 187123 c',9369770,3750883,9365331),
	(283,'HD 188015 b',9158510,9324737,9379196),
	(284,'HD 189733 b',9545233,5567858,3405250),
	(285,'HD 190360 b',3988417,3679845,4842924),
	(286,'HD 190360 c',634766,4547223,8441795),
	(287,'HD 190647 b',4019761,3138650,5975830),
	(288,'HD 190984 b',4748035,9529704,7348771),
	(289,'HD 192699 b',4775270,8063559,9933721),
	(290,'HD 196050 b',9255338,1912155,166048),
	(291,'HD 196885 b',7062528,7052494,804239),
	(292,'HD 202206 c',4367947,2219880,8378903),
	(293,'HD 203030 b',5169110,4360475,9811453),
	(294,'HD 205739 b',8348020,939915,7271841),
	(295,'HD 206610 b',9232217,6197796,4803768),
	(296,'HD 208487 b',3262908,33461,9337991),
	(297,'HD 210702 b',3662786,4193551,9501960),
	(298,'HD 212301 b',6128852,8593717,1931122),
	(299,'HD 212771 b',1873132,4687435,4542450),
	(300,'HD 213240 b',5460556,4635979,2055967),
	(301,'HD 215497 b',3495902,6831489,9816132),
	(302,'HD 215497 c',7570104,1272900,158308),
	(303,'HD 216770 b',2121662,1222051,1691262),
	(304,'HD 217107 c',4525944,7200346,3101665),
	(305,'HD 219828 b',6551237,9856441,2034367),
	(306,'HD 221287 b',4580095,6536582,3532301),
	(307,'HD 224693 b',5475608,8526103,5139513),
	(308,'HD 231701 b',2937267,8876922,437908),
	(309,'HD 240210 b',9276429,8558926,5590843),
	(310,'HD 285968 b',6903581,1864642,5624918),
	(311,'HD 290327 b',9983679,1786223,4437536),
	(312,'HIP 5158 b',9072697,7645340,6647516),
	(313,'HIP 14810 b',5291674,25560,9264009),
	(314,'HIP 14810 c',879135,2552918,1403894),
	(315,'HIP 14810 d',3497534,3273519,6176870),
	(316,'HIP 70849 b',7552188,727717,2176727),
	(317,'HIP 79431 b',491076,1344247,6985287),
	(318,'HN Pegasi b',6724650,830069,3539654),
	(319,'HR 8799 b',2613176,183537,1176932),
	(320,'HR 8799 c',658719,4069306,8363552),
	(321,'HR 8799 d',964705,369856,1289754),
	(322,'Iota Draconis b',4386104,4077533,1048311),
	(323,'Kappa Coronae Borealis b',6937755,8470766,816861),
	(324,'Kepler-4b',5771433,3693389,571041),
	(325,'Kepler-5b',1544642,8930018,9767319),
	(326,'Kepler-6b',6197346,710262,8879018),
	(327,'Kepler-7b',883791,4053713,4872968),
	(328,'Lupus-TR-3b',5068233,2463448,7760944),
	(329,'MOA-2007-BLG-192Lb',6541788,7094483,7683023),
	(330,'MOA-2007-BLG-400Lb',8355843,5775461,9807854),
	(331,'MOA-2008-BLG-310Lb',4965538,2869846,5155388),
	(332,'Mu Arae b',253246,6323141,7375922),
	(333,'Mu Arae c',1658202,2087739,5444929),
	(334,'Mu Arae d',539624,8621676,5394392),
	(335,'Mu Arae e',3730642,5113170,1832544),
	(336,'NGC 2423-3 b',6301796,4360635,9577599),
	(337,'OGLE-2003-BLG-235Lb',6353935,1578434,8837678),
	(338,'OGLE-2005-BLG-169Lb',8339542,4733285,4825461),
	(339,'OGLE-2005-BLG-390Lb',411149,1992988,3168710),
	(340,'OGLE-2005-BLG-71Lb',7526712,464339,2036890),
	(341,'OGLE-2006-BLG-109Lb',8834912,68133,4564581),
	(342,'OGLE-2006-BLG-109Lc',8612056,1253937,5610810),
	(343,'OGLE-2007-BLG-368Lb',1202746,7012771,1622611),
	(344,'OGLE-TR-10b',8669240,9154662,5929487),
	(345,'OGLE-TR-56b',8399138,4276250,3243541),
	(346,'OGLE-TR-111b',1439853,1974850,9077267),
	(347,'OGLE-TR-113b',3511164,1687644,1706167),
	(348,'OGLE-TR-132b',4868094,1163141,1836660),
	(349,'OGLE-TR-182b',7934388,337092,4754859),
	(350,'OGLE-TR-211b',5896665,9478174,7937628),
	(351,'OGLE2-TR-L9 b',4380233,6386623,2710931),
	(352,'Oph 162225-240515 b',5444802,4877214,3885698),
	(353,'Pi Mensae b',8580480,9004596,7524790),
	(354,'Pollux b',905817,3206773,1229776),
	(355,'PSR B1620-26 b',8162155,9425720,4297665),
	(356,'Rho Indi b',9404220,8229835,6684405),
	(357,'SWEEPS-04',4655866,9209603,206984),
	(358,'SWEEPS-11',8211678,728380,9059981),
	(359,'Tau1 Gruis b',5910317,6381654,2088605),
	(360,'TrES-1b',9040736,2010773,9831342),
	(361,'TrES-2b',390713,9209680,3214666),
	(362,'TrES-3b',9827974,2471457,2361083),
	(363,'TrES-4b',5243127,3327774,4470437),
	(364,'UScoCTIO 108 b',5638295,8646196,7195300),
	(365,'V391 Pegasi b',9082515,2787720,7841846),
	(366,'WASP-1b',2917233,9998105,2335044),
	(367,'WASP-2b',5139631,2685217,8756936),
	(368,'WASP-3b',7610259,6665674,5043622),
	(369,'WASP-4b',2554183,4471053,6048455),
	(370,'WASP-5b',1649133,6504768,6069677),
	(371,'WASP-6b',5225751,817429,6104430),
	(372,'WASP-7b',9826923,1834620,9015708),
	(373,'WASP-10b',9546450,8171175,5225616),
	(374,'WASP-11b',5173807,5964714,1040639),
	(375,'WASP-12b',6339482,1323849,1659232),
	(376,'WASP-13b',9049038,4698587,3455420),
	(377,'WASP-14b',4487956,698418,1086305),
	(378,'WASP-15b',4816006,3974629,2718882),
	(379,'WASP-16b',4390394,9018140,1321641),
	(380,'WASP-17b',7900859,4521703,7889836),
	(381,'WASP-18b',9955233,8070060,9845654),
	(382,'WASP-19b',827575,6442055,723484),
	(383,'Xi Aquilae b',8981986,370964,7938395),
	(384,'XO-1b',7158992,6600652,921804),
	(385,'XO-2Nb',5273589,6797000,7636198),
	(386,'XO-3b',5479623,2796112,1206181),
	(387,'XO-4b',573816,4837350,2757029),
	(388,'XO-5b',9875576,8213274,3763465),
	(408,'11 Comae Berenices b',7867951,6695371,378084),
	(797,'Jupiter',324345,435345,4323);

/*!40000 ALTER TABLE `Destination` ENABLE KEYS */;
UNLOCK TABLES;


# Dump of table Flight
# ------------------------------------------------------------

DROP TABLE IF EXISTS `Flight`;

CREATE TABLE `Flight` (
  `flightID` int(11) NOT NULL AUTO_INCREMENT,
  `departureTime` datetime NOT NULL,
  `arrivalTime` datetime NOT NULL,
  `totalDistance` int(11) NOT NULL,
  `createdBy` int(11) NOT NULL,
  `departure` int(11) NOT NULL,
  `arrival` int(11) NOT NULL,
  `ship` int(11) NOT NULL,
  `pilot` int(11) DEFAULT NULL,
  PRIMARY KEY (`flightID`),
  KEY `createdBy` (`createdBy`),
  KEY `departure` (`departure`),
  KEY `arrival` (`arrival`),
  KEY `ship` (`ship`),
  KEY `pilot` (`pilot`),
  CONSTRAINT `Flight_ibfk_1` FOREIGN KEY (`createdBy`) REFERENCES `Admin` (`id`) ON DELETE CASCADE,
  CONSTRAINT `Flight_ibfk_2` FOREIGN KEY (`departure`) REFERENCES `Destination` (`id`) ON DELETE CASCADE,
  CONSTRAINT `Flight_ibfk_3` FOREIGN KEY (`arrival`) REFERENCES `Destination` (`id`) ON DELETE CASCADE,
  CONSTRAINT `Flight_ibfk_4` FOREIGN KEY (`ship`) REFERENCES `SpaceShip` (`serialNumber`) ON DELETE CASCADE,
  CONSTRAINT `Flight_ibfk_5` FOREIGN KEY (`pilot`) REFERENCES `Pilot` (`id`) ON DELETE CASCADE
) ENGINE=InnoDB DEFAULT CHARSET=utf8;

LOCK TABLES `Flight` WRITE;
/*!40000 ALTER TABLE `Flight` DISABLE KEYS */;

INSERT INTO `Flight` (`flightID`, `departureTime`, `arrivalTime`, `totalDistance`, `createdBy`, `departure`, `arrival`, `ship`, `pilot`)
VALUES
	(31,'2020-01-01 23:59:00','2020-01-01 23:59:00',100,4,1,11,1,1),
	(32,'2021-05-01 23:59:00','2021-05-01 23:59:00',200,5,2,12,2,4),
	(33,'2022-01-01 23:59:00','2022-01-01 23:59:00',300,6,3,13,3,2),
	(34,'2020-01-01 23:59:00','2020-01-01 23:59:00',400,4,4,14,4,2),
	(35,'2021-05-01 23:59:00','2021-05-01 23:59:00',500,5,5,15,5,3),
	(36,'2022-01-01 23:59:00','2022-01-01 23:59:00',600,6,6,16,6,2),
	(37,'2020-01-01 23:59:00','2020-01-01 23:59:00',700,4,7,17,7,NULL),
	(38,'2021-05-01 23:59:00','2021-05-01 23:59:00',800,5,8,18,8,3),
	(39,'2022-01-01 23:59:00','2022-01-01 23:59:00',900,6,9,19,9,4),
	(40,'2020-01-01 23:59:00','2020-01-01 23:59:00',1000,6,9,20,9,1),
	(41,'2020-01-01 23:59:00','2020-01-01 23:59:00',100,4,1,11,1,3),
	(42,'2020-01-01 23:59:00','2020-01-01 23:59:00',100,4,1,11,1,1),
	(43,'2020-01-01 23:59:00','2020-01-01 23:59:00',100,4,1,11,1,1);

/*!40000 ALTER TABLE `Flight` ENABLE KEYS */;
UNLOCK TABLES;


# Dump of table Pilot
# ------------------------------------------------------------

DROP TABLE IF EXISTS `Pilot`;

CREATE TABLE `Pilot` (
  `Salary` int(11) DEFAULT NULL,
  `id` int(11) NOT NULL,
  `homeBase` int(11) DEFAULT NULL,
  PRIMARY KEY (`id`),
  KEY `homeBase` (`homeBase`),
  CONSTRAINT `Pilot_ibfk_1` FOREIGN KEY (`id`) REFERENCES `User` (`id`) ON DELETE CASCADE,
  CONSTRAINT `Pilot_ibfk_2` FOREIGN KEY (`homeBase`) REFERENCES `Destination` (`id`) ON DELETE CASCADE
) ENGINE=InnoDB DEFAULT CHARSET=utf8;

LOCK TABLES `Pilot` WRITE;
/*!40000 ALTER TABLE `Pilot` DISABLE KEYS */;

INSERT INTO `Pilot` (`Salary`, `id`, `homeBase`)
VALUES
	(1000,1,1),
	(2000,2,2),
	(3000,3,3),
	(1000,4,1),
	(0,6,1),
	(0,10,1),
	(0,11,1);

/*!40000 ALTER TABLE `Pilot` ENABLE KEYS */;
UNLOCK TABLES;


# Dump of table SpaceShip
# ------------------------------------------------------------

DROP TABLE IF EXISTS `SpaceShip`;

CREATE TABLE `SpaceShip` (
  `serialNumber` int(11) NOT NULL AUTO_INCREMENT,
  `distanceTravelled` int(11) NOT NULL,
  `active` tinyint(1) NOT NULL,
  `model` int(11) NOT NULL,
  PRIMARY KEY (`serialNumber`),
  KEY `model` (`model`),
  CONSTRAINT `SpaceShip_ibfk_1` FOREIGN KEY (`model`) REFERENCES `SpaceShipModel` (`modelNumber`) ON DELETE CASCADE
) ENGINE=InnoDB DEFAULT CHARSET=utf8;

LOCK TABLES `SpaceShip` WRITE;
/*!40000 ALTER TABLE `SpaceShip` DISABLE KEYS */;

INSERT INTO `SpaceShip` (`serialNumber`, `distanceTravelled`, `active`, `model`)
VALUES
	(1,10,0,1),
	(2,20,1,2),
	(3,30,1,3),
	(4,40,1,4),
	(5,50,1,5),
	(6,60,1,6),
	(7,70,1,7),
	(8,80,1,8),
	(9,90,1,9);

/*!40000 ALTER TABLE `SpaceShip` ENABLE KEYS */;
UNLOCK TABLES;


# Dump of table SpaceShipModel
# ------------------------------------------------------------

DROP TABLE IF EXISTS `SpaceShipModel`;

CREATE TABLE `SpaceShipModel` (
  `modelNumber` int(11) NOT NULL AUTO_INCREMENT,
  `modelName` varchar(200) NOT NULL,
  `numberofSeats` int(11) NOT NULL,
  `manufacturerName` varchar(200) NOT NULL,
  PRIMARY KEY (`modelNumber`)
) ENGINE=InnoDB DEFAULT CHARSET=utf8;

LOCK TABLES `SpaceShipModel` WRITE;
/*!40000 ALTER TABLE `SpaceShipModel` DISABLE KEYS */;

INSERT INTO `SpaceShipModel` (`modelNumber`, `modelName`, `numberofSeats`, `manufacturerName`)
VALUES
	(1,'Excelsior',10,'Federation'),
	(2,'Galaxy Class',20,'Federation'),
	(3,'Battlestar',20,'Colonial'),
	(4,'BaseStar',30,'Cylon'),
	(5,'Planet Express',6,'Futurama'),
	(6,'Star Destroyer',30,'Emprire'),
	(7,'BattleCruiser',5,'Terran'),
	(8,'Carrier',5,'Protoss'),
	(9,'Leviathan',5,'Zerg');

/*!40000 ALTER TABLE `SpaceShipModel` ENABLE KEYS */;
UNLOCK TABLES;


# Dump of table Ticket
# ------------------------------------------------------------

DROP TABLE IF EXISTS `Ticket`;

CREATE TABLE `Ticket` (
  `price` int(11) NOT NULL,
  `seat` int(11) NOT NULL,
  `ticketID` int(11) NOT NULL AUTO_INCREMENT,
  `owner` int(11) DEFAULT NULL,
  `flight` int(11) NOT NULL,
  PRIMARY KEY (`ticketID`),
  KEY `flight` (`flight`),
  KEY `owner` (`owner`),
  CONSTRAINT `Ticket_ibfk_2` FOREIGN KEY (`flight`) REFERENCES `Flight` (`flightID`) ON DELETE CASCADE,
  CONSTRAINT `Ticket_ibfk_3` FOREIGN KEY (`owner`) REFERENCES `User` (`id`)
) ENGINE=InnoDB DEFAULT CHARSET=utf8;

LOCK TABLES `Ticket` WRITE;
/*!40000 ALTER TABLE `Ticket` DISABLE KEYS */;

INSERT INTO `Ticket` (`price`, `seat`, `ticketID`, `owner`, `flight`)
VALUES
	(100,1,1,7,31),
	(200,2,2,8,32),
	(300,3,3,9,33),
	(400,4,4,7,34),
	(500,5,5,5,33),
	(600,6,6,9,33),
	(700,7,7,7,33),
	(800,8,8,8,33),
	(800,9,9,5,33),
	(800,10,10,6,33),
	(100,1,80,7,32),
	(100,6,90,1,31),
	(100,6,91,1,41),
	(100,6,92,1,42),
	(100,6,93,1,43),
	(100,6,94,7,40),
	(100,6,95,7,40),
	(100,6,96,4,31),
	(100,6,97,4,41),
	(100,6,98,4,42),
	(100,6,99,4,43),
	(100,6,100,4,31),
	(100,6,101,4,41),
	(100,6,102,4,42),
	(100,6,103,4,43),
	(100,6,104,4,31),
	(100,6,105,4,41),
	(100,6,106,4,42),
	(100,6,107,4,43),
	(100,6,108,4,31),
	(100,6,109,4,41),
	(100,6,110,4,42),
	(100,6,111,4,43);

/*!40000 ALTER TABLE `Ticket` ENABLE KEYS */;
UNLOCK TABLES;


# Dump of table TrainedFor
# ------------------------------------------------------------

DROP TABLE IF EXISTS `TrainedFor`;

CREATE TABLE `TrainedFor` (
  `pilot` int(11) NOT NULL,
  `ship` int(11) NOT NULL,
  KEY `pilot` (`pilot`),
  KEY `ship` (`ship`),
  CONSTRAINT `TrainedFor_ibfk_1` FOREIGN KEY (`pilot`) REFERENCES `Pilot` (`id`),
  CONSTRAINT `TrainedFor_ibfk_2` FOREIGN KEY (`ship`) REFERENCES `SpaceShipModel` (`modelNumber`)
) ENGINE=InnoDB DEFAULT CHARSET=utf8;

LOCK TABLES `TrainedFor` WRITE;
/*!40000 ALTER TABLE `TrainedFor` DISABLE KEYS */;

INSERT INTO `TrainedFor` (`pilot`, `ship`)
VALUES
	(1,1),
	(2,2),
	(3,3),
	(1,4),
	(2,5),
	(3,6),
	(1,7),
	(2,8),
	(3,9);

/*!40000 ALTER TABLE `TrainedFor` ENABLE KEYS */;
UNLOCK TABLES;


# Dump of table User
# ------------------------------------------------------------

DROP TABLE IF EXISTS `User`;

CREATE TABLE `User` (
  `id` int(11) NOT NULL AUTO_INCREMENT,
  `username` varchar(200) NOT NULL,
  `password` varchar(200) NOT NULL,
  `email` varchar(200) NOT NULL,
  `phoneNumber` int(11) NOT NULL,
  PRIMARY KEY (`id`)
) ENGINE=InnoDB DEFAULT CHARSET=utf8;

LOCK TABLES `User` WRITE;
/*!40000 ALTER TABLE `User` DISABLE KEYS */;

INSERT INTO `User` (`id`, `username`, `password`, `email`, `phoneNumber`)
VALUES
	(1,'Pilot1','123','Pilot1@gmail.com',111111111),
	(2,'Pilot2','123','Pilot2@gmail.com',111111112),
	(3,'Pilot3','123','Pilot3@gmail.com',11111113),
	(4,'Admin1','123','Admin1@gmail.com',111111111),
	(5,'Admin2','123','Admin2@gmail.com',111111111),
	(6,'Admin3','123','Admin3@gmail.com',111111111),
	(7,'Passenger1','123','Passenger1@gmail.com',111111111),
	(8,'Passenger2','123','Passenger2@gmail.com',111111111),
	(9,'Passenger3','123','Passenger3@gmail.com',111111111),
	(10,'NewGuy123','12334','guy@mail.com',234234235),
	(11,'figgles','youcantknowme','1@.com',1234559059),
	(12,'khasdj','sdjoisdoij','dksdknjs',32902390),
	(13,'lkcxklm','sckldskl','dsklmsdfklm',34),
	(14,'\"; SELECT * FROM Users;--','sdfds','ffdssdsdf',234234),
	(15,'sdlkf','dslkjfdskl','sdlkjsf',3425),
	(16,'JKldsjlkf','sdljkfsdklj','fjlksdjkl',320948),
	(17,'\"; Select * from \\\" thing;--','dsf','sadf23',234);

/*!40000 ALTER TABLE `User` ENABLE KEYS */;
UNLOCK TABLES;



/*!40111 SET SQL_NOTES=@OLD_SQL_NOTES */;
/*!40101 SET SQL_MODE=@OLD_SQL_MODE */;
/*!40014 SET FOREIGN_KEY_CHECKS=@OLD_FOREIGN_KEY_CHECKS */;
/*!40101 SET CHARACTER_SET_CLIENT=@OLD_CHARACTER_SET_CLIENT */;
/*!40101 SET CHARACTER_SET_RESULTS=@OLD_CHARACTER_SET_RESULTS */;
/*!40101 SET COLLATION_CONNECTION=@OLD_COLLATION_CONNECTION */;
